6,technic:machine_casing,25,3,1,cmb
6,technic:lv_compressor,30,3,1,cmb
6,technic:lv_alloy_furnace,30,3,1,cmb
6,technic:lv_battery_box0,30,3,1,cmb
6,technic:lv_furnace,30,3,1,cmb
6,technic:lv_extractor,30,3,1,cmb
6,technic:lv_generator,30,3,1,cmb
6,technic:water_mill,30,3,1,cmb
6,technic:solar_array_lv,30,3,1,cmb
6,technic:solar_panel,30,3,1,cmb
6,technic:battery,25,3,1,cmb
6,technic:motor,25,3,1,cmb
6,technic:mv_compressor,60,3,1,cmb
6,technic:mv_alloy_furnace,60,3,1,cmb
6,technic:mv_battery_box0,60,3,1,cmb
6,technic:mv_electric_furnace,60,3,1,cmb
6,technic:mv_extractor,60,3,1,cmb
6,technic:mv_generator,60,3,1,cmb
