1,default:apple,1,50,20,cmdb
1,farming:flour,2,35,10,cmdb
1,farming:tomato,1,30,15,cmdb
1,farming:garlic,1,30,8,cmdb
1,farming:pumpkin,1,30,8,cmdb
1,default:papyrus,1,30,8,cmdb
1,farming:seed_barley,1,30,4,cmdb
1,farming:beans,1,15,4,cmdb
1,farming:carrot,1,30,15,cmdb
1,farming:chili_pepper,1,20,10,cmdb
1,farming:cocoa_beans,1,20,5,cmdb
1,farming:coffee_beans,1,20,5,cmdb
1,farming:corn,1,30,8,cmdb
1,farming:seed_cotton,1,30,4,cmdb
1,farming:cucumber,1,30,8,cmdb
1,farming:grapes,1,30,5,cmdb
1,farming:melon_slice,1,30,10,cmdb
1,farming:onion,1,30,15,cmdb
1,farming:salade,1,30,10,cmdb
1,farming:pepper,1,30,8,cmdb
1,farming:pineapple,1,30,5,cmdb
1,farming:potato,1,30,8,cmdb
1,farming:raspberries,1,30,8,cmdb
1,farming:rhubarb,1,30,8,cmdb
1,farming:sugar,2,30,15,cmdb
1,farming:seed_wheat,1,30,5,cmdb
1,verger:pear,1,30,5,cmdb
1,verger:plum,1,30,5,cmdb
1,verger:peach,1,30,5,cmdb
1,verger:orange,1,30,5,cmdb
3,bucket:bucket_empty,3,50,1,cmtb
3,default:torch,2,60,10,cmtb
3,default:pick_wood,2,30,1,cb
3,default:pick_stone,3,25,1,cmtb
3,default:pick_bronze,4,15,1,mtb
3,default:pick_steel,5,20,1,cmtb
3,default:pick_mese,20,4,1,mt
3,default:pick_diamond,35,8,1,mt
3,default:shovel_wood,2,30,1,cb
3,default:shovel_stone,3,25,1,cmtb
3,default:shovel_bronze,4,15,1,mtb
3,default:shovel_steel,5,20,1,cmtb
3,default:shovel_mese,17,4,1,mt
3,default:shovel_diamond,30,8,1,mt
3,default:axe_wood,2,30,1,cb
3,default:axe_stone,3,25,1,cmtb
3,default:axe_bronze,4,15,1,mtb
3,default:axe_steel,5,20,1,cmtb
3,default:axe_mese,20,4,1,mt
3,default:axe_diamond,35,8,1,mt
3,default:sword_wood,2,30,1,cb
3,default:sword_stone,3,25,1,cmtb
3,default:sword_bronze,4,15,1,mtb
3,default:sword_steel,5,20,1,cmtb
3,default:sword_mese,30,4,1,mt
3,default:sword_diamond,45,8,1,mt
3,farming:hoe_wood,2,10,1,cb
3,farming:hoe_stone,3,10,1,cmtb
3,farming:hoe_steel,4,10,1,mtb
3,farming:hoe_bronze,5,10,1,cmtb
3,farming:hoe_mese,6,10,1,mt
3,farming:hoe_diamond,10,10,1,mt
3,screwdriver:screwdriver,2,35,1,mt
5,vessels:glass_bottle,3,50,10,cmt
2,default:stone,1,25,50,cb
2,default:cobble,1,1,1,b
2,default:sandstone,1,25,50,cmb
2,default:desert_stone,1,25,50,cmb
2,default:desert_sandstone,1,25,50,cmb
2,default:silver_sandstone,1,25,50,cmb
2,default:sand,1,25,50,cb
2,default:desert_sand,1,25,50,cb
2,default:silver_sand,1,25,50,cmb
2,default:gravel,1,25,50,cb
2,default:clay_lump,1,25,50,cmb
2,default:iron_lump,2,15,8,cmdtb
2,default:copper_lump,2,10,5,cmdtb
2,default:tin_lump,2,15,8,cmdtb
2,default:obsidian,5,5,4,mtb
2,default:diamond,25,4,3,mtb
2,default:mese_crystal,35,3,3,mtb
2,default:coal_lump,2,25,15,cmtb
2,default:gold_lump,12,8,3,cmtb
2,technic:uranium_lump,12,8,3,mt
2,technic:chromium_lump,3,50,10,mt
2,technic:zinc_lump,3,50,10,mt
2,technic:lead_lump,3,50,10,mt
2,technic:sulfur_lump,3,50,10,mt
2,technic:granite,2,50,25,cmtb
2,technic:marble,2,50,25,cmtb
2,default:tree,1,50,15,cmtb
2,default:jungletree,1,50,15,cmtb
2,default:pine_tree,1,50,15,cmtb
2,default:acacia_tree,1,50,15,cmtb
2,default:aspen_tree,1,50,15,cmtb
2,default:ice,1,20,10,cmtb
2,flowers:rose,1,20,5,cmtb
2,flowers:tulip,1,20,5,cmtb
2,flowers:dandelion_yellow,1,20,5,cmtb
2,flowers:geranium,1,20,5,cmtb
2,flowers:viola,1,20,5,cmtb
2,flowers:dandelion_white,1,20,5,cmtb
2,moreores:mineral_silver_lump,3,10,10,cmb
2,moreores:mineral_mithril_lump,3,10,10,cmb
2,gems:amethyst_gem,20,4,3,mb
2,gems:emerald_gem,20,4,3,mb
2,gems:ruby_gem,20,4,3,mb
2,gems:sapphire_gem,20,4,3,mb
4,default:stonebrick,2,25,15,cmtb
4,default:desert_stonebrick,2,25,15,cmtb
4,default:sandstonebrick,2,25,15,cmtb
4,default:desert_sandstone_brick,2,25,15,cmtb
4,default:silver_sandstone_brick,2,25,15,cmtb
4,default:obsidianbrick,10,10,20,cmtb
4,default:gold_ingot,14,8,3,cmtb
4,default:wood,4,25,15,cmtb
4,default:junglewood,4,25,15,cmtb
4,default:pine_wood,4,25,15,cmtb
4,default:acacia_wood,4,25,15,cmtb
4,default:aspen_wood,4,25,15,cmtb
4,default:glass,2,25,10,cmtb
4,default:obsidian_glass,7,25,5,cmtb
4,default:brick,2,25,25,cmtb
4,gems:raw_amethyst,20,2,5,m
4,gems:raw_ruby,20,2,5,m
4,gems:raw_emerald,20,2,5,m
4,gems:raw_sapphire,20,2,5,m
4,moreores:mineral_silver_ingot,10,2,5,cm
4,moreores:mineral_mithril_ingot,12,2,5,m
4,default:steel_ingot,4,8,3,cmtb
4,default:copper_ingot,5,8,3,cmtb
4,default:tin_ingot,4,8,3,cmtb
4,default:bronze_ingot,6,8,3,cmtb
4,technic:chromium_ingot,6,6,6,mb
4,technic:lead_ingot,6,6,6,mb
4,technic:uranium_ingot,6,6,6,mb
4,technic:zinc_ingot,6,6,6,mb
4,technic:stainless_steel__ingot,6,6,6,mb
4,technic:carbon_steel_ingot,6,6,6,mb
4,technic:cast_iron_ingot,6,6,6,mb
4,technic:cast_iron_block,6,6,6,mb
4,technic:carbon_steel_block,6,6,6,mb
4,technic:brass_block,6,6,6,mb
5,default:mese_post_light,10,10,4,mt
5,default:bookshelf,3,10,1,cmt
5,default:chest,3,10,1,cmt
5,default:sign_wall_steel,3,10,1,cmt
5,default:ladder_steel,4,10,10,cmt
5,default:fence_wood,2,10,10,cmtb
3,default:sword_wood,2,30,1,cb
3,default:sword_stone,3,25,1,cmtb
3,default:sword_bronze,4,15,1,mtb
3,default:sword_steel,5,20,1,cmtb
3,default:sword_mese,30,4,1,mt
3,default:sword_diamond,45,8,1,mt
4,default:paper,2,45,10,cmtd
7,bloc4builder:light_up,10,15,5,m
7,bloc4builder:lift,10,15,10,m
5,bloc4builder:black,2,15,10,m
5,bloc4builder:purple,2,15,10,m
5,bloc4builder:red,2,15,10,m
5,bloc4builder:blue,2,15,10,m
5,bloc4builder:yellow,2,15,10,m
7,bloc4builder:glass_chained,3,15,5,m
5,bloc4builder:concrete,2,15,10,m
7,bloc4builder:connect,3,15,5,m
7,bloc4builder:connect2,3,15,5,m
7,bloc4builder:street_lamp,3,15,5,m
4,bloc4builder:pierre_01,1,15,10,m
4,bloc4builder:pierre_02,1,15,10,m
4,bloc4builder:pavement01,1,15,10,m
4,bloc4builder:pavement02,1,15,10,m
4,bloc4builder:pavement03,1,15,10,m
4,bloc4builder:pierre_doree,1,15,10,m
5,bloc4builder:metal_floor,4,15,10,m
5,bloc4builder:tole_a,2,15,10,m
5,bloc4builder:tanker,2,15,10,m
4,bloc4builder:beton,2,15,10,m
4,bloc4builder:granit,2,15,10,m
4,bloc4builder:marble,2,15,10,m
5,bloc4builder:tole_b,2,15,10,m
5,bloc4builder:tole_c,2,15,10,m
7,bloc4builder:panneaux,6,15,3,m
7,bloc4builder:climatiser,5,15,5,m
7,bloc4builder:motif,5,15,3,m
7,bloc4builder:electro,6,15,5,m
7,bloc4builder:hub,10,15,1,m
7,bloc4builder:sas,10,15,1,m
7,bloc4builder:trapdoor_metal,10,15,1,m
7,bloc4builder:ridodefer,10,15,1,m
7,bloc4builder:door,10,15,1,m
7,bloc4builder:switch_off,6,15,1,m
7,bloc4builder:switch1_off,2,15,1,m
5,bloc4builder:floor,2,15,10,m
5,bloc4builder:grille,2,15,5,m
5,bloc4builder:structure_oblique,4,15,5,m
5,bloc4builder:steel_support,4,15,5,m
5,bloc4builder:steel_support_slope,4,15,5,m
5,bloc4builder:poutre,3,15,5,m
4,bloc4builder:road_separator,1,15,10,m
4,bloc4builder:road_warning,1,15,10,m
4,bloc4builder:road_fleche,1,15,10,m
4,bloc4builder:road_neutre,1,15,10,m
5,bloc4builder:fence_chainlink,3,15,10,m
4,bloc4builder:concrete_dir,2,15,10,m
5,bloc4builder:orange,1,15,10,m
5,bloc4builder:green,1,15,10,m
7,bloc4builder:photovoltaic,3,15,3,m
7,bloc4builder:garage,3,15,3,m
7,espace:gravity,10,15,5,mc
7,espace:slow_off,10,15,5,mc
7,espace:slow,10,15,5,mc
7,espace:jump,10,15,5,mc
7,espace:speed,10,15,5,mc
7,espace:hp5,10,15,5,mc
7,espace:hp1,10,15,5,mc
