7,scifi_nodes:white2,10,15,5,bm
7,scifi_nodes:white,10,15,5,bm
7,scifi_nodes:tile,10,15,5,bm
7,scifi_nodes:whitetile,10,15,5,bm
7,scifi_nodes:whiteoct,10,15,5,bm
7,scifi_nodes:white_base,10,15,5,bm
7,scifi_nodes:white_pad,10,15,5,bm
7,scifi_nodes:black,10,15,5,bm
7,scifi_nodes:lightbar,10,15,5,bm
7,scifi_nodes:light_dynamic,10,15,5,bm
7,scifi_nodes:whtlightbnd,10,15,5,bm
7,scifi_nodes:glass,10,15,5,bm
7,scifi_nodes:tallscreen,10,15,5,bm
7,scifi_nodes:widescreen,10,15,5,bm
7,scifi_nodes:windowstraight,10,15,5,bm
7,scifi_nodes:windowstraight2,10,15,5,bm
7,scifi_nodes:windowcorner,10,15,5,bm
7,scifi_nodes:windowcorner2,10,15,5,bm
7,scifi_nodes:lighttop,10,15,5,bm
7,scifi_nodes:blackdmg,10,15,5,bm
7,scifi_nodes:screen,10,15,5,bm
7,scifi_nodes:screen2,10,15,5,bm
7,scifi_nodes:black_screen,10,15,5,bm
7,scifi_nodes:ladder,10,15,5,bm
7,scifi_nodes:black_mesh,10,15,5,bm
7,scifi_nodes:black_detail,10,15,5,bm
7,scifi_nodes:bfloor,10,15,5,bm
7,scifi_nodes:wall,10,15,5,bm
7,scifi_nodes:vent2,10,15,5,bm
7,scifi_nodes:blackvent,10,15,5,bm
7,scifi_nodes:stripes,10,15,5,bm
7,scifi_nodes:laptop_closed,10,15,5,bm
7,scifi_nodes:keysmonitor,10,15,5,bm
7,scifi_nodes:blacktile,10,15,5,bm
7,scifi_nodes:blacktile2,10,15,5,bm
7,scifi_nodes:blackplate,10,15,5,bm
7,scifi_nodes:blackoct,10,15,5,bm
7,scifi_nodes:blackdmgstripe,10,15,5,bm
7,scifi_nodes:blink,10,15,5,bm
7,scifi_nodes:blklt2,10,15,5,bm
7,scifi_nodes:mesh,10,15,5,bm
7,scifi_nodes:mesh2,10,15,5,bm
7,scifi_nodes:box,10,15,5,bm
7,scifi_nodes:bluemetal,10,15,5,bm
7,scifi_nodes:bluebars,10,15,5,bm
7,scifi_nodes:bluetile,10,15,5,bm
7,scifi_nodes:blue_square,10,15,5,bm
7,scifi_nodes:blue,10,15,5,bm
7,scifi_nodes:blumetlight,10,15,5,bm
7,scifi_nodes:blumetstr,10,15,5,bm
7,scifi_nodes:capsule,10,15,5,bm
7,scifi_nodes:disc,10,15,5,bm
7,scifi_nodes:discs,10,15,5,bm
7,scifi_nodes:light,10,15,5,bm
7,scifi_nodes:octbl,10,15,5,bm
7,scifi_nodes:monitorwall,10,15,5,bm
7,scifi_nodes:microscope,10,15,5,bm
7,scifi_nodes:bluwllight,10,15,5,bm
7,scifi_nodes:lightstp,10,15,5,bm
7,scifi_nodes:black_lights,10,15,5,bm
