2,xtraores:nickel_ore,6,3,5,cmb
4,xtraores:nickel_bar,12,3,5,cmb
5,xtraores:brick_nickel,15,3,10,cmb
2,xtraores:antracite_ore,6,3,5,cmb
4,xtraores:antracite_bar,12,3,5,cmb
5,xtraores:brick_antracite,15,3,10,cmb
2,xtraores:orichalcum_ore,6,3,5,cmb
4,xtraores:orichalcum_bar,12,3,5,cmb
5,xtraores:brick_orichalcum,15,3,10,cmb
2,xtraores:palladium_ore,6,3,5,cmb
4,xtraores:palladium_bar,12,3,5,cmb
5,xtraores:brick_palladium,15,3,10,cmb
2,xtraores:osmium_ore,6,3,5,cmb
4,xtraores:osmium_bar,12,3,5,cmb
5,xtraores:brick_osmium,15,3,10,cmb
2,xtraores:platinum_ore,6,3,5,cmb
4,xtraores:platinum_bar,12,3,5,cmb
5,xtraores:brick_platinum,15,3,10,cmb
2,xtraores:rarium_ore,6,3,5,cmb
4,xtraores:rarium_bar,12,3,5,cmb
5,xtraores:brick_rarium,15,3,10,cmb
2,xtraores:rhenium_ore,6,3,5,cmb
4,xtraores:rhenium_bar,12,3,5,cmb
5,xtraores:brick_rhenium,15,3,10,cmb
2,xtraores:thorium_ore,6,3,5,cmb
4,xtraores:thorium_bar,12,3,5,cmb
5,xtraores:brick_thorium,15,3,10,cmb
2,xtraores:vanadium_ore,6,3,5,cmb
4,xtraores:vanadium_bar,12,3,5,cmb
5,xtraores:brick_vanadium,15,3,10,cmb
